acquisition_channel,impressions,installs,spend,CPI,IPM
Ads,80000,427,3000,7.02576112412178,5.3375
Organic,0,385,0,0.0,inf
Referral,5000,268,400,1.492537313432836,53.6
Influencer,30000,120,1200,10.0,4.0
